{
  "name": "Simulando repartir caramelos",
  "library": { "visible": false },
  "source": { "visible": true }, 
  "board": { "active": 1, "initial_board_source": "selected", "visible_edition": false,
    "user_permissions": { "can_change_source": false, "can_edit_board": false }
  },
  "execution_speed": { "active": "medium",
    "user_permissions": { "can_change_speed": true }
  },
  "attire": { "active": "Repartiendo caramelos", "visible": true,
    "user_permissions": { "can_toggle_visibility": false }
  },
  "blocks": {
	"visible": ["Poner"],
	"disabled": ["Poner"]
  }

}
