{
  "name": "Hansel y Gretel",
  "rules": [
    { "when": { "blue": 0, "black": 0, "red": 0, "green": 0 }, "image": "Fondo.png" }
  , { "when": { "blue": 0, "black": 1, "red": 0, "green": 0, "head": true }, "image": "Carreta.png" }
  , { "when": { "blue": 0, "black": 1, "red": 1, "green": 0, "head": true }, "image": "Carreta.png" }
  , { "when": { "blue": 0, "black": 2, "red": 0, "green": 0, "head": true }, "image": "Carreta.png" }
  , { "when": { "blue": 0, "black": 2, "red": 1, "green": 0, "head": true }, "image": "Carreta.png" }
  , { "when": { "blue": 0, "black": 3, "red": 0, "green": 0, "head": true }, "image": "CasaBrujaConHanselYGretel.png" }
  , { "when": { "blue": 0, "black": 1, "red": 0, "green": 0 }, "image": "Camino.png" }
  , { "when": { "blue": 0, "black": 2, "red": 0, "green": 0 }, "image": "Camino.png" }
  , { "when": { "blue": 0, "black": 1, "red": 1, "green": 0 }, "image": "CaminoConMiguitas.png" }
  , { "when": { "blue": 0, "black": 2, "red": 1, "green": 0 }, "image": "CaminoConMiguitas.png" }
  , { "when": { "blue": 0, "black": 3, "red": 0, "green": 0 }, "image": "CasaBruja.png" }
  ]
}