{
  "name": "Reparando la nave",
  "rules": [
    { "when": { "blue": 0,   "black": 0,   "red": 0,   "green": 0 }, "image": "Fondo.png" }
  , { "when": { "blue": 0,   "black": 0,   "red": 0,   "green": 1 }, "image": "MarcianoSolo.png" }
  , { "when": { "blue": 0,   "black": 0,   "red": 0,   "green": 2 }, "image": "MarcianoConCarbon.png" }
  , { "when": { "blue": 0,   "black": 0,   "red": 0,   "green": 3 }, "image": "MarcianoConHierro.png" }
  , { "when": { "blue": 0,   "black": "*", "red": 0,   "green": 0 }, "image": "CarbonSolo.png" }
  , { "when": { "blue": 0,   "black": "*", "red": 0,   "green": 1 }, "image": "CarbonYMarcianoSolo.png" }
  , { "when": { "blue": 0,   "black": "*", "red": 0,   "green": 2 }, "image": "CarbonYMarcianoConCarbon.png" }
  , { "when": { "blue": 0,   "black": "*", "red": 0,   "green": 3 }, "image": "CarbonYMarcianoConHierro.png" }
  , { "when": { "blue": "*", "black": 0,   "red": 0,   "green": 0 }, "image": "HierroSolo.png" }
  , { "when": { "blue": "*", "black": 0,   "red": 0,   "green": 1 }, "image": "HierroYMarcianoSolo.png" }
  , { "when": { "blue": "*", "black": 0,   "red": 0,   "green": 2 }, "image": "HierroYMarcianoConCarbon.png" }
  , { "when": { "blue": "*", "black": 0,   "red": 0,   "green": 3 }, "image": "HierroYMarcianoConHierro.png" }
  , { "when": { "blue": 0,   "black": 0,   "red": "*", "green": 0 }, "image": "NaveSola.png" }
  , { "when": { "blue": 0,   "black": 0,   "red": "*", "green": 1 }, "image": "NaveYMarcianoSolo.png" }
  , { "when": { "blue": 0,   "black": 0,   "red": "*", "green": 2 }, "image": "NaveYMarcianoConCarbon.png" }
  , { "when": { "blue": 0,   "black": 0,   "red": "*", "green": 3 }, "image": "NaveYMarcianoConHierro.png" }
  ]
}
