{
  "name": "Cuadrados",
  "rules": [
    { "when": { "blue": 0, "black": 0, "red": 0, "green": 0 }, "image": "Fondo.png" }
  , { "when": { "blue": 1, "black": 0, "red": 0, "green": 0 }, "image": "Azul.png" }
  , { "when": { "blue": 0, "black": 1, "red": 0, "green": 0 }, "image": "Negro.png" }
  , { "when": { "blue": 0, "black": 0, "red": 1, "green": 0 }, "image": "Rojo.png" }
  , { "when": { "blue": 0, "black": 0, "red": 0, "green": 1 }, "image": "Verde.png" }
  , { "when": { "blue": 1, "black": 0, "red": 1, "green": 0 }, "image": "Violeta.png" }
  ]
}