{
"name": "Letras en colores",
"rules": [
  { "when": { "blue": "*", "black":  0, "red": "*", "green": "*" }, "image": "Espacio.png" }
  
, { "when": { "blue": 0, "black":  1, "red": 0, "green": 0 }, "image": "A-Negra.png" }
, { "when": { "blue": 0, "black":  2, "red": 0, "green": 0 }, "image": "B-Negra.png" }
, { "when": { "blue": 0, "black":  3, "red": 0, "green": 0 }, "image": "C-Negra.png" }
, { "when": { "blue": 0, "black":  4, "red": 0, "green": 0 }, "image": "D-Negra.png" }
, { "when": { "blue": 0, "black":  5, "red": 0, "green": 0 }, "image": "E-Negra.png" }
, { "when": { "blue": 0, "black":  6, "red": 0, "green": 0 }, "image": "F-Negra.png" }
, { "when": { "blue": 0, "black":  7, "red": 0, "green": 0 }, "image": "G-Negra.png" }
, { "when": { "blue": 0, "black":  8, "red": 0, "green": 0 }, "image": "H-Negra.png" }
, { "when": { "blue": 0, "black":  9, "red": 0, "green": 0 }, "image": "I-Negra.png" }
, { "when": { "blue": 0, "black": 10, "red": 0, "green": 0 }, "image": "J-Negra.png" }
, { "when": { "blue": 0, "black": 11, "red": 0, "green": 0 }, "image": "K-Negra.png" }
, { "when": { "blue": 0, "black": 12, "red": 0, "green": 0 }, "image": "L-Negra.png" }
, { "when": { "blue": 0, "black": 13, "red": 0, "green": 0 }, "image": "M-Negra.png" }
, { "when": { "blue": 0, "black": 14, "red": 0, "green": 0 }, "image": "N-Negra.png" }
, { "when": { "blue": 0, "black": 15, "red": 0, "green": 0 }, "image": "Ñ-Negra.png" }
, { "when": { "blue": 0, "black": 16, "red": 0, "green": 0 }, "image": "O-Negra.png" }
, { "when": { "blue": 0, "black": 17, "red": 0, "green": 0 }, "image": "P-Negra.png" }
, { "when": { "blue": 0, "black": 18, "red": 0, "green": 0 }, "image": "Q-Negra.png" }
, { "when": { "blue": 0, "black": 19, "red": 0, "green": 0 }, "image": "R-Negra.png" }
, { "when": { "blue": 0, "black": 20, "red": 0, "green": 0 }, "image": "S-Negra.png" }
, { "when": { "blue": 0, "black": 21, "red": 0, "green": 0 }, "image": "T-Negra.png" }
, { "when": { "blue": 0, "black": 22, "red": 0, "green": 0 }, "image": "U-Negra.png" }
, { "when": { "blue": 0, "black": 23, "red": 0, "green": 0 }, "image": "V-Negra.png" }
, { "when": { "blue": 0, "black": 24, "red": 0, "green": 0 }, "image": "W-Negra.png" }
, { "when": { "blue": 0, "black": 25, "red": 0, "green": 0 }, "image": "X-Negra.png" }
, { "when": { "blue": 0, "black": 26, "red": 0, "green": 0 }, "image": "Y-Negra.png" }
, { "when": { "blue": 0, "black": 27, "red": 0, "green": 0 }, "image": "Z-Negra.png" }

, { "when": { "blue": 0, "black":  1, "red": 4, "green": 0 }, "image": "A-Roja.png" }
, { "when": { "blue": 0, "black":  2, "red": 4, "green": 0 }, "image": "B-Roja.png" }
, { "when": { "blue": 0, "black":  3, "red": 4, "green": 0 }, "image": "C-Roja.png" }
, { "when": { "blue": 0, "black":  4, "red": 4, "green": 0 }, "image": "D-Roja.png" }
, { "when": { "blue": 0, "black":  5, "red": 4, "green": 0 }, "image": "E-Roja.png" }
, { "when": { "blue": 0, "black":  6, "red": 4, "green": 0 }, "image": "F-Roja.png" }
, { "when": { "blue": 0, "black":  7, "red": 4, "green": 0 }, "image": "G-Roja.png" }
, { "when": { "blue": 0, "black":  8, "red": 4, "green": 0 }, "image": "H-Roja.png" }
, { "when": { "blue": 0, "black":  9, "red": 4, "green": 0 }, "image": "I-Roja.png" }
, { "when": { "blue": 0, "black": 10, "red": 4, "green": 0 }, "image": "J-Roja.png" }
, { "when": { "blue": 0, "black": 11, "red": 4, "green": 0 }, "image": "K-Roja.png" }
, { "when": { "blue": 0, "black": 12, "red": 4, "green": 0 }, "image": "L-Roja.png" }
, { "when": { "blue": 0, "black": 13, "red": 4, "green": 0 }, "image": "M-Roja.png" }
, { "when": { "blue": 0, "black": 14, "red": 4, "green": 0 }, "image": "N-Roja.png" }
, { "when": { "blue": 0, "black": 15, "red": 4, "green": 0 }, "image": "Ñ-Roja.png" }
, { "when": { "blue": 0, "black": 16, "red": 4, "green": 0 }, "image": "O-Roja.png" }
, { "when": { "blue": 0, "black": 17, "red": 4, "green": 0 }, "image": "P-Roja.png" }
, { "when": { "blue": 0, "black": 18, "red": 4, "green": 0 }, "image": "Q-Roja.png" }
, { "when": { "blue": 0, "black": 19, "red": 4, "green": 0 }, "image": "R-Roja.png" }
, { "when": { "blue": 0, "black": 20, "red": 4, "green": 0 }, "image": "S-Roja.png" }
, { "when": { "blue": 0, "black": 21, "red": 4, "green": 0 }, "image": "T-Roja.png" }
, { "when": { "blue": 0, "black": 22, "red": 4, "green": 0 }, "image": "U-Roja.png" }
, { "when": { "blue": 0, "black": 23, "red": 4, "green": 0 }, "image": "V-Roja.png" }
, { "when": { "blue": 0, "black": 24, "red": 4, "green": 0 }, "image": "W-Roja.png" }
, { "when": { "blue": 0, "black": 25, "red": 4, "green": 0 }, "image": "X-Roja.png" }
, { "when": { "blue": 0, "black": 26, "red": 4, "green": 0 }, "image": "Y-Roja.png" }
, { "when": { "blue": 0, "black": 27, "red": 4, "green": 0 }, "image": "Z-Roja.png" }

, { "when": { "blue": 0, "black":  1, "red": 0, "green": 4 }, "image": "A-Verde.png" }
, { "when": { "blue": 0, "black":  2, "red": 0, "green": 4 }, "image": "B-Verde.png" }
, { "when": { "blue": 0, "black":  3, "red": 0, "green": 4 }, "image": "C-Verde.png" }
, { "when": { "blue": 0, "black":  4, "red": 0, "green": 4 }, "image": "D-Verde.png" }
, { "when": { "blue": 0, "black":  5, "red": 0, "green": 4 }, "image": "E-Verde.png" }
, { "when": { "blue": 0, "black":  6, "red": 0, "green": 4 }, "image": "F-Verde.png" }
, { "when": { "blue": 0, "black":  7, "red": 0, "green": 4 }, "image": "G-Verde.png" }
, { "when": { "blue": 0, "black":  8, "red": 0, "green": 4 }, "image": "H-Verde.png" }
, { "when": { "blue": 0, "black":  9, "red": 0, "green": 4 }, "image": "I-Verde.png" }
, { "when": { "blue": 0, "black": 10, "red": 0, "green": 4 }, "image": "J-Verde.png" }
, { "when": { "blue": 0, "black": 11, "red": 0, "green": 4 }, "image": "K-Verde.png" }
, { "when": { "blue": 0, "black": 12, "red": 0, "green": 4 }, "image": "L-Verde.png" }
, { "when": { "blue": 0, "black": 13, "red": 0, "green": 4 }, "image": "M-Verde.png" }
, { "when": { "blue": 0, "black": 14, "red": 0, "green": 4 }, "image": "N-Verde.png" }
, { "when": { "blue": 0, "black": 15, "red": 0, "green": 4 }, "image": "Ñ-Verde.png" }
, { "when": { "blue": 0, "black": 16, "red": 0, "green": 4 }, "image": "O-Verde.png" }
, { "when": { "blue": 0, "black": 17, "red": 0, "green": 4 }, "image": "P-Verde.png" }
, { "when": { "blue": 0, "black": 18, "red": 0, "green": 4 }, "image": "Q-Verde.png" }
, { "when": { "blue": 0, "black": 19, "red": 0, "green": 4 }, "image": "R-Verde.png" }
, { "when": { "blue": 0, "black": 20, "red": 0, "green": 4 }, "image": "S-Verde.png" }
, { "when": { "blue": 0, "black": 21, "red": 0, "green": 4 }, "image": "T-Verde.png" }
, { "when": { "blue": 0, "black": 22, "red": 0, "green": 4 }, "image": "U-Verde.png" }
, { "when": { "blue": 0, "black": 23, "red": 0, "green": 4 }, "image": "V-Verde.png" }
, { "when": { "blue": 0, "black": 24, "red": 0, "green": 4 }, "image": "W-Verde.png" }
, { "when": { "blue": 0, "black": 25, "red": 0, "green": 4 }, "image": "X-Verde.png" }
, { "when": { "blue": 0, "black": 26, "red": 0, "green": 4 }, "image": "Y-Verde.png" }
, { "when": { "blue": 0, "black": 27, "red": 0, "green": 4 }, "image": "Z-Verde.png" }

, { "when": { "blue": 4, "black":  1, "red": 0, "green": 0 }, "image": "A-Azul.png" }
, { "when": { "blue": 4, "black":  2, "red": 0, "green": 0 }, "image": "B-Azul.png" }
, { "when": { "blue": 4, "black":  3, "red": 0, "green": 0 }, "image": "C-Azul.png" }
, { "when": { "blue": 4, "black":  4, "red": 0, "green": 0 }, "image": "D-Azul.png" }
, { "when": { "blue": 4, "black":  5, "red": 0, "green": 0 }, "image": "E-Azul.png" }
, { "when": { "blue": 4, "black":  6, "red": 0, "green": 0 }, "image": "F-Azul.png" }
, { "when": { "blue": 4, "black":  7, "red": 0, "green": 0 }, "image": "G-Azul.png" }
, { "when": { "blue": 4, "black":  8, "red": 0, "green": 0 }, "image": "H-Azul.png" }
, { "when": { "blue": 4, "black":  9, "red": 0, "green": 0 }, "image": "I-Azul.png" }
, { "when": { "blue": 4, "black": 10, "red": 0, "green": 0 }, "image": "J-Azul.png" }
, { "when": { "blue": 4, "black": 11, "red": 0, "green": 0 }, "image": "K-Azul.png" }
, { "when": { "blue": 4, "black": 12, "red": 0, "green": 0 }, "image": "L-Azul.png" }
, { "when": { "blue": 4, "black": 13, "red": 0, "green": 0 }, "image": "M-Azul.png" }
, { "when": { "blue": 4, "black": 14, "red": 0, "green": 0 }, "image": "N-Azul.png" }
, { "when": { "blue": 4, "black": 15, "red": 0, "green": 0 }, "image": "Ñ-Azul.png" }
, { "when": { "blue": 4, "black": 16, "red": 0, "green": 0 }, "image": "O-Azul.png" }
, { "when": { "blue": 4, "black": 17, "red": 0, "green": 0 }, "image": "P-Azul.png" }
, { "when": { "blue": 4, "black": 18, "red": 0, "green": 0 }, "image": "Q-Azul.png" }
, { "when": { "blue": 4, "black": 19, "red": 0, "green": 0 }, "image": "R-Azul.png" }
, { "when": { "blue": 4, "black": 20, "red": 0, "green": 0 }, "image": "S-Azul.png" }
, { "when": { "blue": 4, "black": 21, "red": 0, "green": 0 }, "image": "T-Azul.png" }
, { "when": { "blue": 4, "black": 22, "red": 0, "green": 0 }, "image": "U-Azul.png" }
, { "when": { "blue": 4, "black": 23, "red": 0, "green": 0 }, "image": "V-Azul.png" }
, { "when": { "blue": 4, "black": 24, "red": 0, "green": 0 }, "image": "W-Azul.png" }
, { "when": { "blue": 4, "black": 25, "red": 0, "green": 0 }, "image": "X-Azul.png" }
, { "when": { "blue": 4, "black": 26, "red": 0, "green": 0 }, "image": "Y-Azul.png" }
, { "when": { "blue": 4, "black": 27, "red": 0, "green": 0 }, "image": "Z-Azul.png" }]
}
