{
  "name": "El mimo que suma",
  "library": { "visible": false },
  "board": { "active": 3, "initial_board_source": "random", "visible_edition": false,
    "user_permissions": { "can_change_source": false, "can_edit_board": false }
  },
  "execution_speed": { "active": "instantaneous",
    "user_permissions": { "can_change_speed": true }
  },
  "attire": { "active": null, "visible": false,
    "user_permissions": { "can_toggle_visibility": true }
  },
  "blocks": {
	"visible": [ "Poner", "Mover", "Sacar", "IrAlBorde"
               , "Procedimientos primitivos"
               , "Mis procedimientos"
               , "RepeticionSimple"
               , "Color", "Direccion", "Numero"
               , "nroBolitas"
               , "OperadorNumerico"
               , "procedures_defnoreturnnoparams", "Definicion de procedimientos simples"
    ],            
	"disabled": [ "Mover", "Sacar", "IrAlBorde"
                , "Direccion", "Numero"
                ]
  }
}