{
  "name": "Lugar para los corners",
  "library": { "visible": false },
  "board": { "active": 1, "initial_board_source": "random", "visible_edition": true,
    "user_permissions": { "can_change_source": true, "can_edit_board": false }
  },
  "execution_speed": { "active": "instantaneous",
    "user_permissions": { "can_change_speed": true }
  },
  "attire": { "active": null, "visible": false,
    "user_permissions": { "can_toggle_visibility": true }
  },
  "blocks": {
	"visible": [ "Poner", "Mover", "Sacar", "IrAlBorde"
               , "Color", "Direccion"
               ],
	"disabled": [ "Sacar"
                ]
  }
}