{
  "name": "Ludo Loco, toma 1",
  "library": { "visible": false },
  "board": { "active": 1, "initial_board_source": "selected", "visible_edition": true,
    "user_permissions": { "can_change_source": false, "can_edit_board": false }
  },
  "execution_speed": { "active": "instantaneous",
    "user_permissions": { "can_change_speed": true }
  },
  "attire": { "active": "Cuadrados", "visible": false,
    "user_permissions": { "can_toggle_visibility": true }
  },
  "blocks": {
	"visible": [ "Poner", "Mover", "Sacar", "IrAlBorde", "BOOM"
               , "Procedimientos primitivos"
               , "Mis procedimientos"
               , "RepeticionSimple"
               , "AlternativaSimple", "AlternativaCompleta"
               , "Color", "Direccion", "Numero"
               , "puedeMover", "hayBolitas", "nroBolitas"
               , "FuncionesPrimitivas"
               , "Mis funciones"
               , "OperadorNumerico", "OperadorDeComparacion"
               , "not", "OperadorDeNegacion"
               , "OperadorLogico"
               , "siguiente", "previo", "opuesto"
               , "procedures_defnoreturnnoparams", "Definicion de procedimientos simples"
               , "procedures_defnoreturn", "Definicion de procedimientos parametrizados"
               , "procedures_defreturn", "Definicion de funciones simples"
    ],            
	"disabled": [ "Sacar", "BOOM"
                , "AlternativaSimple", "AlternativaCompleta"
                , "puedeMover", "hayBolitas", "nroBolitas"
                , "FuncionesPrimitivas"
                , "Mis funciones"
                , "OperadorNumerico", "OperadorDeComparacion"
                , "not", "OperadorDeNegacion"
                , "OperadorLogico"
                , "siguiente", "previo", "opuesto"
                , "procedures_defreturn", "Definicion de funciones simples"
                ]
  }
}