{
  "name": "La flecha enloqueció",
  "library": { "visible": false },
  "board": { "active": 4, "initial_board_source": "random", "visible_edition": true,
    "user_permissions": { "can_change_source": false, "can_edit_board": false }
  },
  "execution_speed": { "active": "instantaneous",
    "user_permissions": { "can_change_speed": true }
  },
  "attire": { "active": "Escapar de la jaula", "visible": true,
    "user_permissions": { "can_toggle_visibility": true }
  },
  "blocks": {
	"visible": [ "Poner", "Mover", "Sacar", "IrAlBorde"
               , "Procedimientos primitivos"
               , "Mis procedimientos"
               , "RepeticionSimple"
               , "Color", "Direccion", "Numero"
               , "nroBolitas"
               , "FuncionesPrimitivas"
               , "OperadorNumerico"
               , "opuesto"
               , "procedures_defnoreturnnoparams", "Definicion de procedimientos simples"
    ],            
	"disabled": [ "Poner", "Mover", "Sacar", "IrAlBorde"
                , "RepeticionSimple"
                , "Color", "Direccion", "Numero"
                , "nroBolitas"
                , "OperadorNumerico"
                ]
  }

}