{
  "name": "Cuadrados",
  "rules": [
    {
      "when": {
        "blue": 0,
        "black": 0,
        "red": 0,
        "green": 0
      },
      "image": "Fondo.png"
    },
    {
      "when": {
        "blue": "+",
        "black": 0,
        "red": 0,
        "green": 0
      },
      "image": "Azul.png"
    },
    {
      "when": {
        "blue": 0,
        "black": "+",
        "red": 0,
        "green": 0
      },
      "image": "Negro.png"
    },
    {
      "when": {
        "blue": 0,
        "black": 0,
        "red": "+",
        "green": 0
      },
      "image": "Rojo.png"
    },
    {
      "when": {
        "blue": 0,
        "black": 0,
        "red": 0,
        "green": "+"
      },
      "image": "Verde.png"
    },
    {
      "when": {
        "blue": "+",
        "black": 0,
        "red": "+",
        "green": 0
      },
      "image": "Violeta.png"
    }
  ]
}