{
  "name": "Penales",
  "rules": [
      { "when": { "blue": 0, "black": 0, "red": 0, "green": 0 }, "image": "Fondo.png" }
    , { "when": { "blue": "*", "black": 0, "red": 4, "green": "*" }, "image": "DelanteroSinPelota.png" }
    , { "when": { "blue": "*", "black": 1, "red": 4, "green": "*" }, "image": "DelanteroConPelota.png" }
    , { "when": { "blue": 0, "black": 0, "red": 1, "green": 0 }, "image": "ArcoSoloAIzq.png" }
    , { "when": { "blue": 0, "black": 0, "red": 2, "green": 0 }, "image": "ArcoSoloCentro.png" }
    , { "when": { "blue": 0, "black": 0, "red": 3, "green": 0 }, "image": "ArcoSoloDer.png" }
    , { "when": { "blue": 0, "black": 1, "red": 1, "green": 0 }, "image": "ArcoYPelotaAIzq.png" }
    , { "when": { "blue": 0, "black": 1, "red": 2, "green": 0 }, "image": "ArcoYPelotaCentro.png" }
    , { "when": { "blue": 0, "black": 1, "red": 3, "green": 0 }, "image": "ArcoYPelotaDer.png" }
    , { "when": { "blue": 0, "black": 2, "red": 1, "green": 0 }, "image": "ArcoAIzqConArquero.png" }
    , { "when": { "blue": 0, "black": 2, "red": 2, "green": 0 }, "image": "ArcoCentroConArquero.png" }
    , { "when": { "blue": 0, "black": 2, "red": 3, "green": 0 }, "image": "ArcoDerConArquero.png" }
    , { "when": { "blue": 0, "black": 3, "red": 1, "green": 0 }, "image": "ArcoPelotaYArqueroAIzq.png" }
    , { "when": { "blue": 0, "black": 3, "red": 2, "green": 0 }, "image": "ArcoPelotaYArqueroCentro.png" }
    , { "when": { "blue": 0, "black": 3, "red": 3, "green": 0 }, "image": "ArcoPelotaYArqueroDer.png" }
  ]
}