{
  "name": "Vaciar la celda",
  "library": { "visible": false },
  "board": { "active": 1, "initial_board_source": "selected", "visible_edition": false,
    "user_permissions": { "can_change_source": false, "can_edit_board": false }
  },
  "execution_speed": { "active": "instantaneous",
    "user_permissions": { "can_change_speed": true }
  },
  "attire": { "active": null, "visible": false,
    "user_permissions": { "can_toggle_visibility": true }
  },
  "blocks": {
	"visible":  [ "Poner", "Mover", "Sacar"
                , "Color", "Direccion"
                ],
	"disabled": [ "Poner", "Mover"
                , "Direccion" 
                ]
  }
}