{
  "name": "Radar", 
  "rules": [
     { "when": { "black": 0, "red": 0, "green": 0, "blue": 0, "head": true }, "image": "RadarAntes.png" }
   , { "when": { "black": 1, "red": 0, "green": 0, "blue": 0, "head": true }, "image": "RadarN.png" }
   , { "when": { "black": 1, "red": 0, "green": 1, "blue": 0, "head": true }, "image": "RadarNE.png" }
   , { "when": { "black": 1, "red": 1, "green": 1, "blue": 0, "head": true }, "image": "RadarNES.png" }
   , { "when": { "black": 1, "red": 1, "green": 1, "blue": 1, "head": true }, "image": "RadarNESO.png" }
   , { "when": { "black": 1, "red": 0, "green": 1, "blue": 1, "head": true }, "image": "RadarNEO.png" }
   , { "when": { "black": 1, "red": 1, "green": 0, "blue": 0, "head": true }, "image": "RadarNS.png" }
   , { "when": { "black": 1, "red": 1, "green": 0, "blue": 1, "head": true }, "image": "RadarNSO.png" }
   , { "when": { "black": 1, "red": 0, "green": 0, "blue": 1, "head": true }, "image": "RadarNO.png" }
   , { "when": { "black": 0, "red": 0, "green": 1, "blue": 0, "head": true }, "image": "RadarE.png" }
   , { "when": { "black": 0, "red": 1, "green": 1, "blue": 0, "head": true }, "image": "RadarES.png" }
   , { "when": { "black": 0, "red": 1, "green": 1, "blue": 1, "head": true }, "image": "RadarESO.png" }
   , { "when": { "black": 0, "red": 0, "green": 1, "blue": 1, "head": true }, "image": "RadarEO.png" }
   , { "when": { "black": 0, "red": 1, "green": 0, "blue": 0, "head": true }, "image": "RadarS.png" }
   , { "when": { "black": 0, "red": 1, "green": 0, "blue": 1, "head": true }, "image": "RadarSO.png" }
   , { "when": { "black": 0, "red": 0, "green": 0, "blue": 1, "head": true }, "image": "RadarO.png" }
   , { "when": { "black": 0, "red": 1, "green": 0, "blue": 0, "head": false }, "image": "Avion1.png" }
   , { "when": { "black": 0, "red": 2, "green": 0, "blue": 0, "head": false }, "image": "Avion2.png" }
   , { "when": { "black": 0, "red": 3, "green": 0, "blue": 0, "head": false }, "image": "Avion3.png" }
   , { "when": { "black": 0, "red": "+", "green": 0, "blue": 0, "head": false }, "image": "Avion4.png" }
   , { "when": { "black": 0, "red": 0, "green": 0, "blue": 0, "head": false }, "image": "Fondo.png" }
  ] 
}
