{
  "name": "Flecha",
  "rules": [
    { "when": { "blue": 0, "black": 0, "red": 0, "green": 0 }, "image": "Fondo.png" }
  , { "when": { "blue": 0, "black": 0, "red": 0, "green": 1 }, "image": "Cuerpo.png" }
  , { "when": { "blue": 0, "black": 0, "red": 0, "green": 2 }, "image": "PuntaSuperior.png" }
  , { "when": { "blue": 0, "black": 0, "red": 0, "green": 3 }, "image": "PuntaInferior.png" }
  , { "when": { "blue": 0, "black": 0, "red": 0, "green": 4 }, "image": "PuntaFrente.png" }
  ]
}