{
  "name": "El alien toca botón",
  "rules": [
    { "when": { "blue": 0, "black": 0, "red": 0, "green": 0 }, "image": "Fondo.png" }
  , { "when": { "blue": 0, "black": 0, "red": 0, "green": 1 }, "image": "AlienSolo.png" }
  , { "when": { "blue": 0, "black": 0, "red": 2, "green": 0 }, "image": "BotonSolo.png" }
  , { "when": { "blue": 0, "black": 0, "red": 2, "green": 1 }, "image": "AlienYBoton.png" }
  , { "when": { "blue": 0, "black": 0, "red": 1, "green": 1 }, "image": "AlienYBotonApretado.png" }
  ]
}