{
  "name": "Snake",
  "rules": [
     { "when": { "blue": 0, "black": 0, "red": 0, "green": 0 }, "image": "Fondo.png"      }     
   , { "when": { "blue": 0, "black": 0, "red": 1, "green": 0 }, "image": "Manzana.png"    }   
   , { "when": { "blue": 0, "black": 0, "red": 0, "green": 1 }, "image": "Cabeza-N.png"   }  
   , { "when": { "blue": 0, "black": 0, "red": 0, "green": 2 }, "image": "Cabeza-E.png"   }  
   , { "when": { "blue": 0, "black": 0, "red": 0, "green": 3 }, "image": "Cabeza-S.png"   }   
   , { "when": { "blue": 0, "black": 0, "red": 0, "green": 4 }, "image": "Cabeza-O.png"   }  
   , { "when": { "blue": 0, "black": 3, "red": 0, "green": 1 }, "image": "CuerpoR-V.png"  } 
   , { "when": { "blue": 0, "black": 1, "red": 0, "green": 3 }, "image": "CuerpoR-V.png"  } 
   , { "when": { "blue": 0, "black": 4, "red": 0, "green": 2 }, "image": "CuerpoR-H.png"  } 
   , { "when": { "blue": 0, "black": 2, "red": 0, "green": 4 }, "image": "CuerpoR-H.png"  } 
   , { "when": { "blue": 0, "black": 2, "red": 0, "green": 1 }, "image": "CuerpoL-NE.png" }
   , { "when": { "blue": 0, "black": 1, "red": 0, "green": 2 }, "image": "CuerpoL-NE.png" }
   , { "when": { "blue": 0, "black": 4, "red": 0, "green": 1 }, "image": "CuerpoL-NO.png" }
   , { "when": { "blue": 0, "black": 1, "red": 0, "green": 4 }, "image": "CuerpoL-NO.png" }
   , { "when": { "blue": 0, "black": 3, "red": 0, "green": 2 }, "image": "CuerpoL-SE.png" }
   , { "when": { "blue": 0, "black": 2, "red": 0, "green": 3 }, "image": "CuerpoL-SE.png" }
   , { "when": { "blue": 0, "black": 4, "red": 0, "green": 3 }, "image": "CuerpoL-SO.png" }
   , { "when": { "blue": 0, "black": 3, "red": 0, "green": 4 }, "image": "CuerpoL-SO.png" }
   , { "when": { "blue": 0, "black": 1, "red": 0, "green": 0 }, "image": "Cola-N.png"     }    
   , { "when": { "blue": 0, "black": 2, "red": 0, "green": 0 }, "image": "Cola-E.png"     }    
   , { "when": { "blue": 0, "black": 3, "red": 0, "green": 0 }, "image": "Cola-S.png"     }    
   , { "when": { "blue": 0, "black": 4, "red": 0, "green": 0 }, "image": "Cola-O.png"     }
]
}