{
  "name": "Candela, me quemo",
  "rules": [
    { "when": { "head": false, "blue": 0, "black": 0, "red": 0, "green": 0 }, "image": "MatafuegoApagando.png" }
  , { "when": { "head": false, "blue": 0, "black": 0, "red": 1, "green": 0 }, "image": "FuegoSolo.png" }
  , { "when": { "head": false, "blue": 0, "black": 1, "red": 0, "green": 0 }, "image": "CenizasSolas.png" }
  , { "when": { "head": true,  "blue": 0, "black": 0, "red": 0, "green": 0 }, "image": "MatafuegoApagando.png" }
  , { "when": { "head": true,  "blue": 0, "black": 0, "red": 1, "green": 0 }, "image": "MatafuegoYFuego.png" }
  , { "when": { "head": true,  "blue": 0, "black": 1, "red": 0, "green": 0 }, "image": "MatafuegoYCenizas.png" }
  ]
}