{
  "name": "Pacman",
  "rules": [
     { "when": { "blue": 0, "black": 0, "red": 0, "green": 0 }, "image": "Fondo.png"           }
   , { "when": { "blue": 0, "black": 0, "red": 0, "green": 1 }, "image": "Pastilla.png"        }
   , { "when": { "blue": 0, "black": 0, "red": 1, "green": 0 }, "image": "Fantasma-N.png"      }
   , { "when": { "blue": 0, "black": 0, "red": 2, "green": 0 }, "image": "Fantasma-E.png"      }
   , { "when": { "blue": 0, "black": 0, "red": 3, "green": 0 }, "image": "Fantasma-S.png"      }
   , { "when": { "blue": 0, "black": 0, "red": 4, "green": 0 }, "image": "Fantasma-O.png"      }
   , { "when": { "blue": 0, "black": 0, "red": 1, "green": 1 }, "image": "Fantasma-N.png"      }
   , { "when": { "blue": 0, "black": 0, "red": 2, "green": 1 }, "image": "Fantasma-E.png"      }
   , { "when": { "blue": 0, "black": 0, "red": 3, "green": 1 }, "image": "Fantasma-S.png"      }
   , { "when": { "blue": 0, "black": 0, "red": 4, "green": 1 }, "image": "Fantasma-O.png"      }
   , { "when": { "blue": 0, "black": 1, "red": 0, "green": 0 }, "image": "Pacman-N.png"        }
   , { "when": { "blue": 0, "black": 2, "red": 0, "green": 0 }, "image": "Pacman-E.png"        }
   , { "when": { "blue": 0, "black": 3, "red": 0, "green": 0 }, "image": "Pacman-S.png"        }
   , { "when": { "blue": 0, "black": 4, "red": 0, "green": 0 }, "image": "Pacman-O.png"        }
   , { "when": { "blue": 0, "black": 1, "red": 0, "green": 1 }, "image": "Pacman-N.png"        }
   , { "when": { "blue": 0, "black": 2, "red": 0, "green": 1 }, "image": "Pacman-E.png"        }
   , { "when": { "blue": 0, "black": 3, "red": 0, "green": 1 }, "image": "Pacman-S.png"        }
   , { "when": { "blue": 0, "black": 4, "red": 0, "green": 1 }, "image": "Pacman-O.png"        }
   , { "when": { "blue": 1, "black": 0, "red": 0, "green": 0 }, "image": "ParedHorizontal.png" }
   , { "when": { "blue": 2, "black": 0, "red": 0, "green": 0 }, "image": "ParedVertical.png"   }
   , { "when": { "blue": 3, "black": 0, "red": 0, "green": 0 }, "image": "ParedEsquinaNE.png"  }
   , { "when": { "blue": 4, "black": 0, "red": 0, "green": 0 }, "image": "ParedEsquinaSE.png"  }
   , { "when": { "blue": 5, "black": 0, "red": 0, "green": 0 }, "image": "ParedEsquinaSO.png"  }
   , { "when": { "blue": 6, "black": 0, "red": 0, "green": 0 }, "image": "ParedEsquinaNO.png"  }
   , { "when": { "blue": 7, "black": 0, "red": 0, "green": 0 }, "image": "Espacio.png"  }
   , { "when": { "blue": 7, "black": 1, "red": 0, "green": 0 }, "image": "A.png"  }
   , { "when": { "blue": 7, "black": 2, "red": 0, "green": 0 }, "image": "B.png"  }
   , { "when": { "blue": 7, "black": 3, "red": 0, "green": 0 }, "image": "C.png"  }
   , { "when": { "blue": 7, "black": 4, "red": 0, "green": 0 }, "image": "D.png"  }
   , { "when": { "blue": 7, "black": 5, "red": 0, "green": 0 }, "image": "E.png"  }
   , { "when": { "blue": 7, "black": 6, "red": 0, "green": 0 }, "image": "F.png"  }
   , { "when": { "blue": 7, "black": 7, "red": 0, "green": 0 }, "image": "G.png"  }
   , { "when": { "blue": 7, "black": 8, "red": 0, "green": 0 }, "image": "H.png"  }
   , { "when": { "blue": 7, "black": 9, "red": 0, "green": 0 }, "image": "I.png"  }
   , { "when": { "blue": 7, "black": 10, "red": 0, "green": 0 }, "image": "J.png"  }
   , { "when": { "blue": 7, "black": 11, "red": 0, "green": 0 }, "image": "K.png"  }
   , { "when": { "blue": 7, "black": 12, "red": 0, "green": 0 }, "image": "L.png"  }
   , { "when": { "blue": 7, "black": 13, "red": 0, "green": 0 }, "image": "M.png"  }
   , { "when": { "blue": 7, "black": 14, "red": 0, "green": 0 }, "image": "N.png"  }
   , { "when": { "blue": 7, "black": 15, "red": 0, "green": 0 }, "image": "Ñ.png"  }
   , { "when": { "blue": 7, "black": 16, "red": 0, "green": 0 }, "image": "O.png"  }
   , { "when": { "blue": 7, "black": 17, "red": 0, "green": 0 }, "image": "P.png"  }
   , { "when": { "blue": 7, "black": 18, "red": 0, "green": 0 }, "image": "Q.png"  }
   , { "when": { "blue": 7, "black": 19, "red": 0, "green": 0 }, "image": "R.png"  }
   , { "when": { "blue": 7, "black": 20, "red": 0, "green": 0 }, "image": "S.png"  }
   , { "when": { "blue": 7, "black": 21, "red": 0, "green": 0 }, "image": "T.png"  }
   , { "when": { "blue": 7, "black": 22, "red": 0, "green": 0 }, "image": "U.png"  }
   , { "when": { "blue": 7, "black": 23, "red": 0, "green": 0 }, "image": "V.png"  }
   , { "when": { "blue": 7, "black": 24, "red": 0, "green": 0 }, "image": "W.png"  }
   , { "when": { "blue": 7, "black": 25, "red": 0, "green": 0 }, "image": "X.png"  }
   , { "when": { "blue": 7, "black": 26, "red": 0, "green": 0 }, "image": "Y.png"  }
   , { "when": { "blue": 7, "black": 27, "red": 0, "green": 0 }, "image": "Z.png"  }
   , { "when": { "blue": 7, "black": 28, "red": 0, "green": 0 }, "image": "MarkExclOpen.png"  }
   , { "when": { "blue": 7, "black": 29, "red": 0, "green": 0 }, "image": "MarkExclClose.png"  }
  ]
}