{
  "name": "El final del pasillo",
  "library": { "visible": false },
  "board": { "active": 1, "initial_board_source": "selected", "visible_edition": true,
    "user_permissions": { "can_change_source": false, "can_edit_board": false }
  },
  "execution_speed": { "active": "high", 
    "user_permissions": { "can_change_speed": true }
  },
  "attire": { "active": "El final del pasillo", "visible": true,
    "user_permissions": { "can_toggle_visibility": true }
  },
  "blocks": {
	"visible": [ "Poner", "Mover", "Sacar", "IrAlBorde"
               , "Procedimientos primitivos"
               , "Mis procedimientos"
               , "RepeticionSimple"
               , "Color", "Direccion", "Numero"
               , "procedures_defnoreturnnoparams", "Definicion de procedimientos simples"
    ],            
	"disabled": [ "Poner", "Mover", "Sacar", "IrAlBorde"
                , "Color"
                ]
  }
  
}