{
"name": "La gran aventura",
"rules": [
  {
    "when": { "blue": 0, "black": 0, "red": 0, "green": 0 },
    "image": "Fondo.png"
  },
  
  {
    "when": { "blue": 1, "black": 0, "red": 0, "green": 0 },
    "image": "ProtagonistaSola.png"
  },
  
  {
    "when": { "blue": 2, "black": 0, "red": 0, "green": 0 },
    "image": "ProtagonistaConLlave.png"
  },
  
  {
    "when": { "blue": 3, "black": 0, "red": 0, "green": 0 },
    "image": "ProtagonistaConSombrero.png"
  },
  
  {
    "when": { "blue": 4, "black": 0, "red": 0, "green": 0 },
    "image": "ProtagonistaConEspada.png"
  },
  
  {
    "when": { "blue": 5, "black": 0, "red": 0, "green": 0 },
    "image": "ProtagonistaConNovio.png"
  },
  
  {
    "when": { "blue": 0, "black": 0, "red": 0, "green": 1 },
    "image": "LlaveSola.png"
  },
  
  {
    "when": { "blue": 1, "black": 0, "red": 0, "green": 1 },
    "image": "LlaveYProtagonista.png"
  },
  
  {
    "when": { "blue": 0, "black": 0, "red": 0, "green": 2 },
    "image": "CofreCerradoSolo.png"
  },
  
  {
    "when": { "blue": 2, "black": 0, "red": 0, "green": 2 },
    "image": "CofreCerradoConProtagonista.png"
  },
  
  {
    "when": { "blue": 3, "black": 1, "red": 0, "green": 2 },
    "image": "CofreAbiertoConProtagonista.png"
  },
  
  {
    "when": { "blue": 0, "black": 1, "red": 0, "green": 2 },
    "image": "CofreAbiertoSolo.png"
  },
  
  {
    "when": { "blue": 0, "black": 0, "red": 0, "green": 3 },
    "image": "MagoSoloAntes.png"
  },
  
  {
    "when": { "blue": 3, "black": 0, "red": 0, "green": 3 },
    "image": "MagoYProtagonistaAntes.png"
  },
  
  {
    "when": { "blue": 4, "black": 1, "red": 0, "green": 3 },
    "image": "MagoYProtagonistaDespues.png"
  },
  
  {
    "when": { "blue": 0, "black": 1, "red": 0, "green": 3 },
    "image": "MagoSoloDespues.png"
  },
  
  {
    "when": { "blue": 0, "black": 0, "red": 0, "green": 4 },
    "image": "CaballeroYNovio.png"
  },
  
  {
    "when": { "blue": 4, "black": 0, "red": 0, "green": 4 },
    "image": "CaballeroYNovioConProtagonista.png"
  },
  
  {
    "when": { "blue": 5, "black": 1, "red": 0, "green": 4 },
    "image": "CaballeroDerrotadoConProtagonista.png"
  },
  
  {
    "when": { "blue": 0, "black": 1, "red": 0, "green": 4 },
    "image": "CaballeroDerrotado.png"
  },
  
  {
    "when": { "blue": 0, "black": 0, "red": 0, "green": 5 },
    "image": "UnicornioSolo.png"
  },
  
  {
    "when": { "blue": 5, "black": 0, "red": 0, "green": 5 },
    "image": "UnicornioConProtagonista.png"
  },
  
  {
    "when": { "blue": 6, "black": 1, "red": 0, "green": 5 },
    "image": "FIN.png"
  }  
]
}
