{
  "name": "Super Lucho",
  "rules": [
    { "when": { "blue": 0, "black": 0, "red": 0, "green": 0 }, "image": "Fondo.png" }
  , { "when": { "blue": 0, "black": 0, "red": 0, "green": 1 }, "image": "Camino.png" }
  , { "when": { "blue": 0, "black": 0, "red": 0, "green": 2 }, "image": "Meta.png" }
  , { "when": { "blue": 1, "black": 0, "red": 0, "green": 1 }, "image": "LuzApagada.png" }
  , { "when": { "blue": 2, "black": 0, "red": 0, "green": 1 }, "image": "LuzPrendida.png" }
  , { "when": { "blue": 0, "black": 1, "red": 0, "green": 0 }, "image": "LuchoAfuera.png" }
  , { "when": { "blue": 0, "black": 1, "red": 0, "green": 1 }, "image": "LuchoEnCamino.png" }
  , { "when": { "blue": 0, "black": 1, "red": 0, "green": 2 }, "image": "LuchoEnMeta.png" }
  , { "when": { "blue": 1, "black": 1, "red": 0, "green": 1 }, "image": "LuchoEnLuzApagada.png" }
  , { "when": { "blue": 2, "black": 1, "red": 0, "green": 1 }, "image": "LuchoEnLuzPrendida.png" }
  ]
}