{
  "name": "Super Lucho cuenta",
  "rules": [
    { "when": { "blue": 0, "black": 0, "red": 0, "green": 0 }, "image": "Fondo.png" }
  , { "when": { "blue": 0, "black": 0, "red": 0, "green": 1 }, "image": "Camino.png" }
  , { "when": { "blue": 0, "black": 0, "red": 0, "green": 2 }, "image": "Meta.png" }
  , { "when": { "blue": 1, "black": 0, "red": 0, "green": 1 }, "image": "LuzApagada.png" }
  , { "when": { "blue": 2, "black": 0, "red": 0, "green": 1 }, "image": "LuzPrendida.png" }
  , { "when": { "blue": 0, "black": 1, "red": 0, "green": 0 }, "image": "LuchoAfuera.png" }
  , { "when": { "blue": 0, "black": 1, "red": 0, "green": 1 }, "image": "LuchoEnCamino.png" }
  , { "when": { "blue": 1, "black": 1, "red": 0, "green": 1 }, "image": "LuchoEnLuzApagada.png" }
  , { "when": { "blue": 2, "black": 1, "red": 0, "green": 1 }, "image": "LuchoEnLuzPrendida.png" }
  , { "when": { "blue": 0, "black": 1, "red": 0, "green": 2 }, "image": "LuchoMeta-0.png" }
  , { "when": { "blue": 0, "black": 1, "red": 1, "green": 2 }, "image": "LuchoMeta-1.png" }
  , { "when": { "blue": 0, "black": 1, "red": 2, "green": 2 }, "image": "LuchoMeta-2.png" }
  , { "when": { "blue": 0, "black": 1, "red": 3, "green": 2 }, "image": "LuchoMeta-3.png" }
  , { "when": { "blue": 0, "black": 1, "red": 4, "green": 2 }, "image": "LuchoMeta-4.png" }
  , { "when": { "blue": 0, "black": 1, "red": 5, "green": 2 }, "image": "LuchoMeta-5.png" }
  , { "when": { "blue": 0, "black": 1, "red": 6, "green": 2 }, "image": "LuchoMeta-6.png" }
  , { "when": { "blue": 0, "black": 1, "red": 7, "green": 2 }, "image": "LuchoMeta-7.png" }
  , { "when": { "blue": 0, "black": 1, "red": 8, "green": 2 }, "image": "LuchoMeta-8.png" }
  , { "when": { "blue": 0, "black": 1, "red": 9, "green": 2 }, "image": "LuchoMeta-9.png" }
  ]
}