{
  "name": "Contar las baldosas",
  "library": { "visible": false },
  "board": { "active": 1, "initial_board_source": "random", "visible_edition": true,
    "user_permissions": { "can_change_source": false, "can_edit_board": false }
  },
  "execution_speed": { "active": "high",
    "user_permissions": { "can_change_speed": true }
  },
  "attire": { "active": "Baldosas", "visible": true,
    "user_permissions": { "can_toggle_visibility": true }
  },
  "blocks": {
	"visible": [ "Poner", "Mover", "Sacar", "IrAlBorde", "BOOM"
               , "Procedimientos primitivos"
               , "Mis procedimientos"
               , "RepeticionSimple", "RepeticionCondicional"
               , "AlternativaSimple", "AlternativaCompleta"
               , "Asignacion"
               , "Color", "Direccion", "Numero"
               , "puedeMover", "hayBolitas", "nroBolitas"
               , "FuncionesPrimitivas"
               , "Mis funciones"
               , "OperadorNumerico", "OperadorDeComparacion"
               , "OperadorDeNegacion"
               , "OperadorLogico"
               , "siguiente", "previo", "opuesto"
               , "DefinicionDeProcedimientoSimple"
               , "DefinicionDeProcedimientoParametrizado"
               , "DefinicionDeFuncionSimple"
               , "DefinicionDeFuncionSimpleParametrizada"
               , "DefinicionDeFuncionParametrizada"
    ],            
	"disabled": [ 
                ]
  }
}