{
  "name": "Super Lucho",
  "rules": [
    { "when": { "blue": 0, "black": 0, "red": 0, "green": 0 }, "image": "FondoLucho.png" }
  , { "when": { "blue": 0, "black": 1, "red": 0, "green": 0 }, "image": "Lucho.png" }
  , { "when": { "blue": 0, "black": 0, "red": 0, "green": 1 }, "image": "Meta.png" }
  , { "when": { "blue": 0, "black": 1, "red": 0, "green": 1 }, "image": "LuchoMeta.png" }
  , { "when": { "blue": 1, "black": 0, "red": 0, "green": 0 }, "image": "LuzApagada.png" }
  , { "when": { "blue": 2, "black": 0, "red": 0, "green": 0 }, "image": "LuzPrendida.png" }
  , { "when": { "blue": 1, "black": 1, "red": 0, "green": 0 }, "image": "LuchoLuzApagada.png" }
  , { "when": { "blue": 2, "black": 1, "red": 0, "green": 0 }, "image": "LuchoLuzPrendida.png" }
  ]
}