{
  "name": "La flecha enloqueció",
  "rules": [
    { "when": { "blue": 0, "black": 0, "red": 0, "green": 0 }, "image": "Fondo.png" }
  , { "when": { "blue": 0, "black": 1, "red": 0, "green": 0 }, "image": "JaulaHorizontal.png" }
  , { "when": { "blue": 0, "black": 2, "red": 0, "green": 0 }, "image": "JaulaVertical.png" }
  , { "when": { "blue": 0, "black": 3, "red": 0, "green": 0 }, "image": "JaulaEsquinaNO.png" }
  , { "when": { "blue": 0, "black": 4, "red": 0, "green": 0 }, "image": "JaulaEsquinaNE.png" }
  , { "when": { "blue": 0, "black": 5, "red": 0, "green": 0 }, "image": "JaulaEsquinaSO.png" }
  , { "when": { "blue": 0, "black": 6, "red": 0, "green": 0 }, "image": "JaulaEsquinaSE.png" }
  , { "when": { "blue": 0, "black": 0, "red": 0, "green": 1 }, "image": "PuertaHorizontalSola.png" }
  , { "when": { "blue": 0, "black": 0, "red": 0, "green": 2 }, "image": "PuertaVerticalSola.png" }
  , { "when": { "blue": 1, "black": 0, "red": 0, "green": 1 }, "image": "PuertaHorizontalYRaton.png" }
  , { "when": { "blue": 1, "black": 0, "red": 0, "green": 2 }, "image": "PuertaVerticalYRaton.png" }
  , { "when": { "blue": 1, "black": 0, "red": 1, "green": 0 }, "image": "RatonYFlechaAlN.png" }
  , { "when": { "blue": 1, "black": 0, "red": 2, "green": 0 }, "image": "RatonYFlechaAlE.png" }
  , { "when": { "blue": 1, "black": 0, "red": 3, "green": 0 }, "image": "RatonYFlechaAlS.png" }
  , { "when": { "blue": 1, "black": 0, "red": 4, "green": 0 }, "image": "RatonYFlechaAlO.png" }
  , { "when": { "blue": 0, "black": 0, "red": 1, "green": 0 }, "image": "FlechaAlN.png" }
  , { "when": { "blue": 0, "black": 0, "red": 2, "green": 0 }, "image": "FlechaAlE.png" }
  , { "when": { "blue": 0, "black": 0, "red": 3, "green": 0 }, "image": "FlechaAlS.png" }
  , { "when": { "blue": 0, "black": 0, "red": 4, "green": 0 }, "image": "FlechaAlO.png" }
  ]
}